C2U,2019349,05:38:43
DAILY STAR SUNDAY ;  15DEC,110,4,9771478555972,50
FOOTBALL LEAGUE PAPER ;  15DEC,150,3,9772041749002,50
MAIL ON SUNDAY ;  15DEC,180,27,9770263887175,50
NON LEAGUE PAPER ;  15DEC,150,2,9771755154089,50
OBSERVER ;  15DEC,320,5,9770029771724,50
RACING POST ON SUNDAY ;  15DEC,320,3,9771359177774,50
SUN                (SUN) ;  15DEC,120,27,9772047649177,50
SUNDAY EXPRESS ;  15DEC,160,14,9770039519873,50
SUNDAY MIRROR ;  15DEC,170,18,9770956807473,50
SUNDAY PEOPLE ;  15DEC,170,9,9770956808173,50
SUNDAY SPORT ;  15DEC,110,2,9770965398214,50
SUNDAY TELEGRAPH ;  15DEC,220,7,9770307269073,50
SUNDAY TIMES ;  15DEC,290,2,9770956138874,50
SUP MOS YOU/EVENT 2PN ;  15DEC,0,27,5060087870656,50
SUP SUN (SUN) FABUL 2PN ;  15DEC,0,27,9772631449008,50
SUP SUN TELE STEL MAG 2PN ;  15DEC,0,7,5060621920045,50
SUP SUN TIMES CULTURE 2PN ;  15DEC,0,2,9772631445000,50
SUP SUN TIMES SPARE 2PN ;  15DEC,0,2,,00
