﻿C2U,2020331,11:30:49,,
AGRICULTURE TRADE ;  DEC,299,1,9772053314052,12
COMMERCIAL MOTOR ;  26NOV,325,2,9770010306300,48
DAILY EXPRESS      (THU) ;  26NOV,70,20,9770307017841,48
DAILY MAIL         (THU) ;  26NOV,70,39,9770307757143,48
DAILY MIRROR       (THU) ;  26NOV,85,28,9770956805646,48
DAILY STAR         (THU) ;  26NOV,50,5,9770957623546,48
DAILY TELEGRAPH    (THU) ;  26NOV,250,9,9770307123443,48
DERBY EVE TELE     (THU) ;  26NOV,75,1,9770961878048,48
HOW IT WORKS ;  145,520,2,9772041732035,45
I DAILY            (THU) ;  26NOV,65,7,9772045492942,48
IRISH POST ;  28NOV,150,2,9770959374002,48
NEWARK & SOUTHWELL ADV ;  26NOV,130,2,9772635194003,48
NOTT EVE POST FIRST  (THU) ;  26NOV,85,4,9770957375940,48
RACING AHEAD ;  DEC,349,1,9771743551050,12
RACING POST        (THU) ;  26NOV,350,2,9770968336640,48
REAL PEOPLE ;  48,85,3,9771748898082,48
RETRO GAMER ;  214,520,2,9771742315028,14
STUFF ;  XMAS,499,1,9771364963195,13
SUN                (THU) ;  26NOV,60,37,9770307268540,48
TAB CRISSCROSS COLLECTION ;  14XMAS,275,1,9771461490143,14
TAB CROSSWORD COLLECTION ;  14XMAS,275,1,9772044248076,14
TAB FATE & FORTUNE ;  JAN,220,3,9771476104097,01
TAB WORDSEARCHS COLL'N ;  14XMAS,275,1,9771474185111,14
TAKE A BREAK ;  49/50,210,5,9770958983991,49
TAKE A BREAK MONTHLY ;  DEC,210,2,9772516406027,12
THATS LIFE ;  49,82,2,9771359423192,49
TIMES COMPACT      (THU) ;  26NOV,200,1,9771742498141,48
YORKSHIRE POST     (THU) ;  26NOV,125,1,9770963149146,48
